,count,mean,std,min,25%,50%,75%,max
reg,249660.0,1.1228070175438596,0.9745945421845741,0.0,0.0,1.0,2.0,3.0
sid,249660.0,28.0,16.451983187813795,0.0,14.0,28.0,42.0,56.0
ban,249660.0,4.5,2.8722870756721863,0.0,2.0,4.5,7.0,9.0
sec,249660.0,218.5,126.43963263817673,0.0,109.0,218.5,328.0,437.0
men,249660.0,-2.668067609366631e-07,0.0004691704102008849,-0.023365842544491065,-9.486715250298042e-05,5.816688380875859e-07,9.449361313540878e-05,0.031945577414539864
med,249660.0,-7.606563845179614e-08,0.00038976849279559505,-0.023354703445850816,-9.076137075935138e-05,3.45401953845285e-07,9.11459486858646e-05,0.018229755320364326
sum,249660.0,-0.0016008405656199806,2.8150224612053094,-140.19505526694638,-0.5692029150178826,0.0034900130285255154,0.5669616788124527,191.6734644872392
max,249660.0,0.2207139249754019,0.4655638850478294,0.0106919357814125,0.05678805154216193,0.1152461464693369,0.23629878601644586,27.306293308319784
aci,249660.0,2862.288038746933,989432.581975638,-13029930.610672522,-104.90538308434441,10.348682503733738,106.68772020639673,348855419.07181543
bet,249660.0,17.85386155496933,8.796391871694043,2.5421341867681275,11.937913642686704,16.16468662268819,21.333347440507882,76.97590024745503
mmm,249660.0,0.002314202354252667,0.0024137342490532466,0.0005393032303836766,0.0012670256396048352,0.0018272928049299672,0.002646939745292374,0.17925489279306406
npp,249660.0,58.19586637827445,3.9722349648339703,43.0,56.0,58.0,61.0,73.0
hfq,249660.0,0.7357849371283471,0.1099071495167237,0.16134679709329172,0.6832725583867659,0.7593661174882655,0.8154730550737535,0.9215218494633275
htp,249660.0,0.895973528783098,0.03923408300555588,0.49432064855390645,0.8890692831521726,0.9084652803284025,0.9185521520565105,0.9429411738097287
hhh,249660.0,0.6601877094860747,0.10551505256872801,0.11151377989570965,0.6112904622236407,0.6812605167328176,0.7363456132760742,0.8370642961880319
aei,249660.0,0.31920601112990216,0.07233199556701092,0.20080374062167738,0.278405826144237,0.3055152431472088,0.34375662032727733,0.9239463714928376
