;region;filename;processed
0;data;/home/cvargas/repos/epfl/thesis-epfl-ethz-tuwien/forests-sounds-vargas/out/data/000_NaturalRegeneration_1_04_PSA0051-2018_dict_y_split_25_NULL_1730046052.csv;False
1;data;/home/cvargas/repos/epfl/thesis-epfl-ethz-tuwien/forests-sounds-vargas/out/data/000_Pasture_3_08_Pasture6_dict_y_split_48_NULL_1730046086.csv;False
2;data;/home/cvargas/repos/epfl/thesis-epfl-ethz-tuwien/forests-sounds-vargas/out/data/000_RefForest_0_01_RefForest4_dict_y_split_43_NULL_1730046069.csv;False
3;data;/home/cvargas/repos/epfl/thesis-epfl-ethz-tuwien/forests-sounds-vargas/out/data/000_RefForest_0_00_RefForest1_dict_y_split_44_NULL_1730046075.csv;False
4;data;/home/cvargas/repos/epfl/thesis-epfl-ethz-tuwien/forests-sounds-vargas/out/data/000_NaturalRegeneration_1_17_PSA0193-2013_dict_y_split_38_NULL_1730046063.csv;False
5;data;/home/cvargas/repos/epfl/thesis-epfl-ethz-tuwien/forests-sounds-vargas/out/data/000_RefForest_0_02_RefForest5_dict_y_split_45_NULL_1730046080.csv;False
6;data;/home/cvargas/repos/epfl/thesis-epfl-ethz-tuwien/forests-sounds-vargas/out/data/000_Pasture_3_07_Pasture5_dict_y_split_55_NULL_1730046097.csv;False
7;data;/home/cvargas/repos/epfl/thesis-epfl-ethz-tuwien/forests-sounds-vargas/out/data/000_Pasture_3_02_Pasture12_dict_y_split_53_NULL_1730046092.csv;False
8;data;/home/cvargas/repos/epfl/thesis-epfl-ethz-tuwien/forests-sounds-vargas/out/data/000_NaturalRegeneration_1_13_PSA0165-2021_dict_y_split_30_NULL_1730046058.csv;False
