;region;filename;processed
0;Pasture;C:\Users\cav\repos\forests-sounds-vargas/data/Pasture\Pasture10.mp3;False
1;Pasture;C:\Users\cav\repos\forests-sounds-vargas/data/Pasture\Pasture11.mp3;False
2;Pasture;C:\Users\cav\repos\forests-sounds-vargas/data/Pasture\Pasture12.mp3;False
3;Pasture;C:\Users\cav\repos\forests-sounds-vargas/data/Pasture\Pasture2.mp3;False
4;Pasture;C:\Users\cav\repos\forests-sounds-vargas/data/Pasture\Pasture3.mp3;False
5;Pasture;C:\Users\cav\repos\forests-sounds-vargas/data/Pasture\Pasture4.mp3;False
6;Pasture;C:\Users\cav\repos\forests-sounds-vargas/data/Pasture\Pasture5.mp3;False
7;Pasture;C:\Users\cav\repos\forests-sounds-vargas/data/Pasture\Pasture6.mp3;False
8;Pasture;C:\Users\cav\repos\forests-sounds-vargas/data/Pasture\Pasture7.mp3;False
9;Pasture;C:\Users\cav\repos\forests-sounds-vargas/data/Pasture\Pasture8.mp3;False
10;Pasture;C:\Users\cav\repos\forests-sounds-vargas/data/Pasture\Pasture9.mp3;False
11;RefForest;C:\Users\cav\repos\forests-sounds-vargas/data/RefForest\RefForest1.mp3;False
12;RefForest;C:\Users\cav\repos\forests-sounds-vargas/data/RefForest\RefForest4.mp3;False
13;RefForest;C:\Users\cav\repos\forests-sounds-vargas/data/RefForest\RefForest5.mp3;False
