AC,EPOCHS,FN,FP,TN,TP,METRICS
94.184797,11,3464,3464,175240,56104,"reg, sid, ban, sec, men, med, sum, bet, npp, aei"
94.174725,11,3470,3470,175234,56098,"reg, sid, ban, sec, men, med, sum, bet, npp, hfq"
94.107575,11,3510,3510,175194,56058,"reg, sid, ban, sec, men, med, sum, max, bet, npp"
94.028673,11,3557,3557,175147,56011,"reg, sid, ban, sec, men, med, sum, bet, npp, hhh"
93.818829,11,3682,3682,175022,55886,"reg, sid, ban, sec, men, med, sum, max, htp, hhh"
93.410892,11,3925,3925,174779,55643,"reg, sid, ban, sec, men, med, sum, bet, htp"
93.389068,11,3938,3938,174766,55630,"reg, sid, ban, sec, men, med, sum, bet, npp"
93.248053,11,4022,4022,174682,55546,"reg, sid, ban, sec, men, med, sum, mmm, htp"
93.207763,11,4046,4046,174658,55522,"reg, sid, ban, sec, men, med, sum, max, htp, aei"
93.118789,11,4099,4099,174605,55469,"reg, sid, ban, sec, men, med, sum, htp, hhh"
93.016385,11,4160,4160,174544,55408,"reg, sid, ban, sec, men, med, sum, max, mmm, htp"
92.957628,11,4195,4195,174509,55373,"reg, sid, ban, sec, men, med, sum, hfq, htp"
92.751142,11,4318,4318,174386,55250,"reg, sid, ban, sec, men, med, sum, bet, mmm, htp"
92.39021,11,4533,4533,174171,55035,"reg, sid, ban, sec, men, med, sum, bet, npp, htp"
91.995702,11,4768,4768,173936,54800,"reg, sid, ban, sec, men, med, sum, htp, aei"
91.874832,11,4840,4840,173864,54728,"reg, sid, ban, sec, men, med, sum, max, npp, aei"
91.846293,11,4857,4857,173847,54711,"reg, sid, ban, sec, men, med, sum, npp, htp"
91.811039,11,4878,4878,173826,54690,"reg, sid, ban, sec, men, med, sum, max, npp, hhh"
91.797609,11,4886,4886,173818,54682,"reg, sid, ban, sec, men, med, sum, npp, hfq"
91.678418,11,4957,4957,173747,54611,"reg, sid, ban, sec, men, med, sum, max, npp"
91.641485,11,4979,4979,173725,54589,"reg, sid, ban, sec, men, med, sum, max, mmm, npp"
91.619662,11,4992,4992,173712,54576,"reg, sid, ban, sec, men, med, sum, npp, aei"
91.604553,11,5001,5001,173703,54567,"reg, sid, ban, sec, men, med, sum, bet, hfq, htp"
91.421569,11,5110,5110,173594,54458,"reg, sid, ban, sec, men, med, sum, max, npp, htp"
91.401424,11,5122,5122,173582,54446,"reg, sid, ban, sec, men, med, sum, npp, hhh"
91.335952,11,5161,5161,173543,54407,"reg, sid, ban, sec, men, med, sum, max, npp, hfq"
91.307413,11,5178,5178,173526,54390,"reg, sid, ban, sec, men, med, sum, npp"
91.199973,11,5242,5242,173462,54326,"reg, sid, ban, sec, men, med, sum, mmm, npp"
91.146253,11,5274,5274,173430,54294,"reg, sid, ban, sec, men, med, sum, aci, bet, npp"
90.90787,11,5416,5416,173288,54152,"reg, sid, ban, sec, men, med, sum, max, bet, htp"
90.874295,11,5436,5436,173268,54132,"reg, sid, ban, sec, men, med, sum, bet, mmm, npp"
90.609052,11,5594,5594,173110,53974,"reg, sid, ban, sec, men, med, sum, max, hfq, htp"
90.523435,11,5645,5645,173059,53923,"reg, sid, ban, sec, men, med, sum, bet, hfq"
90.474752,11,5674,5674,173030,53894,"reg, sid, ban, sec, men, med, sum, aci, npp, htp"
89.981198,11,5968,5968,172736,53600,"reg, sid, ban, sec, men, med, sum, bet, hhh"
89.835146,11,6055,6055,172649,53513,"reg, sid, ban, sec, men, med, sum, htp"
89.796535,11,6078,6078,172626,53490,"reg, sid, ban, sec, men, med, sum, hhh, aei"
89.741136,11,6111,6111,172593,53457,"reg, sid, ban, sec, men, med, sum, max, aci, npp"
89.613551,11,6187,6187,172517,53381,"reg, sid, ban, sec, men, med, sum, aci, npp, hfq"
89.585012,11,6204,6204,172500,53364,"reg, sid, ban, sec, men, med, sum, aci, npp, hhh"
89.521219,11,6242,6242,172462,53326,"reg, sid, ban, sec, men, med, sum, bet, mmm, hfq"
89.03606,11,6531,6531,172173,53037,"reg, sid, ban, sec, men, med, sum, max, htp"
89.024308,11,6538,6538,172166,53030,"reg, sid, ban, sec, men, med, sum, max, hhh, aei"
88.764102,11,6693,6693,172011,52875,"reg, sid, ban, sec, men, med, sum, aci, npp, aei"
88.614692,11,6782,6782,171922,52786,"reg, sid, ban, sec, men, med, sum, aci, mmm, npp"
86.076417,11,8294,8294,170410,51274,"reg, sid, ban, sec, men, med, sum, max, bet, hfq"
85.888396,11,8406,8406,170298,51162,"reg, sid, ban, sec, men, med, sum, max, hfq, aei"
85.483817,11,8647,8647,170057,50921,"reg, sid, ban, sec, men, med, sum, mmm, aei"
85.282366,11,8767,8767,169937,50801,"reg, sid, ban, sec, men, med, sum, max, bet, hhh"
85.067486,11,8895,8895,169809,50673,"reg, sid, ban, sec, men, med, sum, hfq, aei"
84.914719,11,8986,8986,169718,50582,"reg, sid, ban, sec, men, med, sum, max, mmm, hhh"
84.511818,11,9226,9226,169478,50342,"reg, sid, ban, sec, men, med, sum, max, hfq, hhh"
84.444668,11,9266,9266,169438,50302,"reg, sid, ban, sec, men, med, sum, aci, npp"
84.439632,11,9269,9269,169435,50299,"reg, sid, ban, sec, men, med, sum, max, mmm, hfq"
84.25329,11,9380,9380,169324,50188,"reg, sid, ban, sec, men, med, sum, max, hfq"
83.412235,11,9881,9881,168823,49687,"reg, sid, ban, sec, men, med, sum, mmm, hfq"
83.358515,11,9913,9913,168791,49655,"reg, sid, ban, sec, men, med, sum, max, aei"
83.301437,11,9947,9947,168757,49621,"reg, sid, ban, sec, men, med, sum, mmm, hhh"
82.749127,11,10276,10276,168428,49292,"reg, sid, ban, sec, men, med, sum, hhh"
82.277397,11,10557,10557,168147,49011,"reg, sid, ban, sec, men, med, sum, hfq, hhh"
81.928216,11,10765,10765,167939,48803,"reg, sid, ban, sec, men, med, sum, max, bet, aei"
81.892963,11,10786,10786,167918,48782,"reg, sid, ban, sec, men, med, sum, bet, mmm, aei"
81.892963,11,10786,10786,167918,48782,"reg, sid, ban, sec, men, med, sum, bet, aei"
81.768735,11,10860,10860,167844,48708,"reg, sid, ban, sec, men, med, sum, max, bet"
81.704942,11,10898,10898,167806,48670,"reg, sid, ban, sec, men, med, sum, bet, mmm"
81.61429,11,10952,10952,167752,48616,"reg, sid, ban, sec, men, med, sum, bet"
80.967969,11,11337,11337,167367,48231,"reg, sid, ban, sec, men, med, sum, max, bet, mmm"
80.600322,11,11556,11556,167148,48012,"reg, sid, ban, sec, men, med, sum, aci, bet, htp"
80.497918,11,11617,11617,167087,47951,"reg, sid, ban, sec, men, med, sum, max, aci, bet"
80.17224,11,11811,11811,166893,47757,"reg, sid, ban, sec, men, med, sum, aci, bet, aei"
79.683723,11,12102,12102,166602,47466,"reg, sid, ban, sec, men, med, sum, bet, mmm, hhh"
79.671972,11,12109,12109,166595,47459,"reg, sid, ban, sec, men, med, sum, aci, bet, hfq"
79.613215,11,12144,12144,166560,47424,"reg, sid, ban, sec, men, med, sum, aci, bet, hhh"
79.530956,11,12193,12193,166511,47375,"reg, sid, ban, sec, men, med, sum, max, hhh"
78.982004,11,12520,12520,166184,47048,"reg, sid, ban, sec, men, med, sum, hfq"
78.780553,11,12640,12640,166064,46928,"reg, sid, ban, sec, men, med, sum, aci, hfq, htp"
78.325611,11,12911,12911,165793,46657,"reg, sid, ban, sec, men, med, sum, aci, bet"
78.302109,11,12925,12925,165779,46643,"reg, sid, ban, sec, men, med, sum, aci, bet, mmm"
77.835415,11,13203,13203,165501,46365,"reg, sid, ban, sec, men, med, sum, max, mmm, aei"
75.517056,11,14584,14584,164120,44984,"reg, sid, ban, sec, men, med, sum, aci, htp, aei"
75.416331,11,14644,14644,164060,44924,"reg, sid, ban, sec, men, med, sum, aci, mmm, htp"
75.256849,11,14739,14739,163965,44829,"reg, sid, ban, sec, men, med, sum, aci, htp, hhh"
74.481265,11,15201,15201,163503,44367,"reg, sid, ban, sec, men, med, sum, aei"
73.839981,11,15583,15583,163121,43985,"reg, sid, ban, sec, men, med, sum, aci, hfq, aei"
73.823194,11,15593,15593,163111,43975,"reg, sid, ban, sec, men, med, sum, max, aci, htp"
73.784582,11,15616,15616,163088,43952,"reg, sid, ban, sec, men, med, sum, aci, mmm, hhh"
73.66707,11,15686,15686,163018,43882,"reg, sid, ban, sec, men, med, sum, max, aci, hfq"
73.270884,11,15922,15922,162782,43646,"reg, sid, ban, sec, men, med, sum, max, aci, mmm"
73.160086,11,15988,15988,162716,43580,"reg, sid, ban, sec, men, med, sum, aci, mmm, hfq"
73.129868,11,16006,16006,162698,43562,"reg, sid, ban, sec, men, med, sum, aci, htp"
73.12819,11,16007,16007,162697,43561,"reg, sid, ban, sec, men, med, sum, aci, hfq"
72.784045,11,16212,16212,162492,43356,"reg, sid, ban, sec, men, med, sum, aci, hhh"
72.664854,11,16283,16283,162421,43285,"reg, sid, ban, sec, men, med, sum, aci, hhh, aei"
72.585952,11,16330,16330,162374,43238,"reg, sid, ban, sec, men, med, sum, aci, hfq, hhh"
72.255238,11,16527,16527,162177,43041,"reg, sid, ban, sec, men, med, sum, max, aci, hhh"
71.815404,11,16789,16789,161915,42779,"reg, sid, ban, sec, men, med, sum, max, aci, aei"
71.556876,11,16943,16943,161761,42625,"reg, sid, ban, sec, men, med, sum, aci, mmm"
71.336959,11,17074,17074,161630,42494,"reg, sid, ban, sec, men, med, sum, max, aci"
71.264773,11,17117,17117,161587,42451,"reg, sid, ban, sec, men, med, sum, max, mmm"
71.085146,11,17224,17224,161480,42344,"reg, sid, ban, sec, men, med, sum, aci, aei"
70.683924,11,17463,17463,161241,42105,"reg, sid, ban, sec, men, med, sum, max"
70.411966,11,17625,17625,161079,41943,"reg, sid, ban, sec, men, med, sum, aci"
70.33978,11,17668,17668,161036,41900,"reg, sid, ban, sec, men, med, sum, mmm"
69.473543,11,18184,18184,160520,41384,"reg, sid, ban, sec, men, med, sum, aci, mmm, aei"
