AC;EPOCHS;FN;FP;TN;TP;NUM_METRICS;METRICS
94.184797;11.0;3464.0;3464.0;175240.0;56104.0;10.0;[reg, sid, ban, sec, men, med, sum, bet, npp, aei]
94.174725;11.0;3470.0;3470.0;175234.0;56098.0;10.0;[reg, sid, ban, sec, men, med, sum, bet, npp, hfq]
94.107575;11.0;3510.0;3510.0;175194.0;56058.0;10.0;[reg, sid, ban, sec, men, med, sum, max, bet, npp]
94.028673;11.0;3557.0;3557.0;175147.0;56011.0;10.0;[reg, sid, ban, sec, men, med, sum, bet, npp, hhh]
93.818829;11.0;3682.0;3682.0;175022.0;55886.0;10.0;[reg, sid, ban, sec, men, med, sum, max, htp, hhh]
93.410892;11.0;3925.0;3925.0;174779.0;55643.0;9.0;[reg, sid, ban, sec, men, med, sum, bet, htp]
93.39914;11.0;3932.0;3932.0;174772.0;55636.0;10.0;[reg, sid, ban, sec, men, med, sum, bet, htp, hhh]
93.389068;11.0;3938.0;3938.0;174766.0;55630.0;9.0;[reg, sid, ban, sec, men, med, sum, bet, npp]
93.248053;11.0;4022.0;4022.0;174682.0;55546.0;9.0;[reg, sid, ban, sec, men, med, sum, mmm, htp]
93.207763;11.0;4046.0;4046.0;174658.0;55522.0;10.0;[reg, sid, ban, sec, men, med, sum, max, htp, aei]
93.118789;11.0;4099.0;4099.0;174605.0;55469.0;9.0;[reg, sid, ban, sec, men, med, sum, htp, hhh]
93.100322;11.0;4110.0;4110.0;174594.0;55458.0;10.0;[reg, sid, ban, sec, men, med, sum, hfq, htp, aei]
93.016385;11.0;4160.0;4160.0;174544.0;55408.0;10.0;[reg, sid, ban, sec, men, med, sum, max, mmm, htp]
92.957628;11.0;4195.0;4195.0;174509.0;55373.0;9.0;[reg, sid, ban, sec, men, med, sum, hfq, htp]
92.751142;11.0;4318.0;4318.0;174386.0;55250.0;10.0;[reg, sid, ban, sec, men, med, sum, bet, mmm, htp]
92.39021;11.0;4533.0;4533.0;174171.0;55035.0;10.0;[reg, sid, ban, sec, men, med, sum, bet, npp, htp]
91.995702;11.0;4768.0;4768.0;173936.0;54800.0;9.0;[reg, sid, ban, sec, men, med, sum, htp, aei]
91.975557;11.0;4780.0;4780.0;173924.0;54788.0;10.0;[reg, sid, ban, sec, men, med, sum, npp, hfq, aei]
91.874832;11.0;4840.0;4840.0;173864.0;54728.0;10.0;[reg, sid, ban, sec, men, med, sum, max, npp, aei]
91.861402;11.0;4848.0;4848.0;173856.0;54720.0;10.0;[reg, sid, ban, sec, men, med, sum, hfq, htp, hhh]
91.85133;11.0;4854.0;4854.0;173850.0;54714.0;10.0;[reg, sid, ban, sec, men, med, sum, bet, htp, aei]
91.846293;11.0;4857.0;4857.0;173847.0;54711.0;9.0;[reg, sid, ban, sec, men, med, sum, npp, htp]
91.811039;11.0;4878.0;4878.0;173826.0;54690.0;10.0;[reg, sid, ban, sec, men, med, sum, max, npp, hhh]
91.797609;11.0;4886.0;4886.0;173818.0;54682.0;9.0;[reg, sid, ban, sec, men, med, sum, npp, hfq]
91.797609;11.0;4886.0;4886.0;173818.0;54682.0;10.0;[reg, sid, ban, sec, men, med, sum, mmm, npp, aei]
91.725423;11.0;4929.0;4929.0;173775.0;54639.0;10.0;[reg, sid, ban, sec, men, med, sum, npp, hhh, aei]
91.68849;11.0;4951.0;4951.0;173753.0;54617.0;10.0;[reg, sid, ban, sec, men, med, sum, npp, hfq, hhh]
91.678418;11.0;4957.0;4957.0;173747.0;54611.0;9.0;[reg, sid, ban, sec, men, med, sum, max, npp]
91.671703;11.0;4961.0;4961.0;173743.0;54607.0;10.0;[reg, sid, ban, sec, men, med, sum, mmm, npp, hfq]
91.641485;11.0;4979.0;4979.0;173725.0;54589.0;10.0;[reg, sid, ban, sec, men, med, sum, max, mmm, npp]
91.619662;11.0;4992.0;4992.0;173712.0;54576.0;9.0;[reg, sid, ban, sec, men, med, sum, npp, aei]
91.604553;11.0;5001.0;5001.0;173703.0;54567.0;10.0;[reg, sid, ban, sec, men, med, sum, bet, hfq, htp]
91.557548;11.0;5029.0;5029.0;173675.0;54539.0;10.0;[reg, sid, ban, sec, men, med, sum, npp, hfq, htp]
91.463537;11.0;5085.0;5085.0;173619.0;54483.0;10.0;[reg, sid, ban, sec, men, med, sum, mmm, htp, hhh]
91.421569;11.0;5110.0;5110.0;173594.0;54458.0;10.0;[reg, sid, ban, sec, men, med, sum, max, npp, htp]
91.401424;11.0;5122.0;5122.0;173582.0;54446.0;9.0;[reg, sid, ban, sec, men, med, sum, npp, hhh]
91.36617;11.0;5143.0;5143.0;173561.0;54425.0;10.0;[reg, sid, ban, sec, men, med, sum, npp, htp, hhh]
91.335952;11.0;5161.0;5161.0;173543.0;54407.0;10.0;[reg, sid, ban, sec, men, med, sum, max, npp, hfq]
91.307413;11.0;5178.0;5178.0;173526.0;54390.0;8.0;[reg, sid, ban, sec, men, med, sum, npp]
91.283911;11.0;5192.0;5192.0;173512.0;54376.0;10.0;[reg, sid, ban, sec, men, med, sum, mmm, htp, aei]
91.199973;11.0;5242.0;5242.0;173462.0;54326.0;9.0;[reg, sid, ban, sec, men, med, sum, mmm, npp]
91.169756;11.0;5260.0;5260.0;173444.0;54308.0;11.0;[reg, sid, ban, sec, men, med, sum, max, aci, bet, npp]
91.146253;11.0;5274.0;5274.0;173430.0;54294.0;10.0;[reg, sid, ban, sec, men, med, sum, aci, bet, npp]
91.087497;11.0;5309.0;5309.0;173395.0;54259.0;10.0;[reg, sid, ban, sec, men, med, sum, mmm, npp, htp]
90.958233;11.0;5386.0;5386.0;173318.0;54182.0;10.0;[reg, sid, ban, sec, men, med, sum, mmm, hfq, htp]
90.90787;11.0;5416.0;5416.0;173288.0;54152.0;10.0;[reg, sid, ban, sec, men, med, sum, max, bet, htp]
90.88101;11.0;5432.0;5432.0;173272.0;54136.0;10.0;[reg, sid, ban, sec, men, med, sum, mmm, npp, hhh]
90.874295;11.0;5436.0;5436.0;173268.0;54132.0;10.0;[reg, sid, ban, sec, men, med, sum, bet, mmm, npp]
90.609052;11.0;5594.0;5594.0;173110.0;53974.0;10.0;[reg, sid, ban, sec, men, med, sum, max, hfq, htp]
90.577156;11.0;5613.0;5613.0;173091.0;53955.0;10.0;[reg, sid, ban, sec, men, med, sum, bet, hfq, aei]
90.523435;11.0;5645.0;5645.0;173059.0;53923.0;9.0;[reg, sid, ban, sec, men, med, sum, bet, hfq]
90.474752;11.0;5674.0;5674.0;173030.0;53894.0;10.0;[reg, sid, ban, sec, men, med, sum, aci, npp, htp]
90.3287;11.0;5761.0;5761.0;172943.0;53807.0;10.0;[reg, sid, ban, sec, men, med, sum, bet, hfq, hhh]
90.028203;11.0;5940.0;5940.0;172764.0;53628.0;10.0;[reg, sid, ban, sec, men, med, sum, htp, hhh, aei]
89.981198;11.0;5968.0;5968.0;172736.0;53600.0;9.0;[reg, sid, ban, sec, men, med, sum, bet, hhh]
89.835146;11.0;6055.0;6055.0;172649.0;53513.0;8.0;[reg, sid, ban, sec, men, med, sum, htp]
89.813323;11.0;6068.0;6068.0;172636.0;53500.0;10.0;[reg, sid, ban, sec, men, med, sum, npp, htp, aei]
89.796535;11.0;6078.0;6078.0;172626.0;53490.0;9.0;[reg, sid, ban, sec, men, med, sum, hhh, aei]
89.741136;11.0;6111.0;6111.0;172593.0;53457.0;10.0;[reg, sid, ban, sec, men, med, sum, max, aci, npp]
89.64209;11.0;6170.0;6170.0;172534.0;53398.0;10.0;[reg, sid, ban, sec, men, med, sum, mmm, hhh, aei]
89.613551;11.0;6187.0;6187.0;172517.0;53381.0;10.0;[reg, sid, ban, sec, men, med, sum, aci, npp, hfq]
89.610193;11.0;6189.0;6189.0;172515.0;53379.0;10.0;[reg, sid, ban, sec, men, med, sum, bet, hhh, aei]
89.585012;11.0;6204.0;6204.0;172500.0;53364.0;10.0;[reg, sid, ban, sec, men, med, sum, aci, npp, hhh]
89.521219;11.0;6242.0;6242.0;172462.0;53326.0;10.0;[reg, sid, ban, sec, men, med, sum, bet, mmm, hfq]
89.03606;11.0;6531.0;6531.0;172173.0;53037.0;9.0;[reg, sid, ban, sec, men, med, sum, max, htp]
89.024308;11.0;6538.0;6538.0;172166.0;53030.0;10.0;[reg, sid, ban, sec, men, med, sum, max, hhh, aei]
88.764102;11.0;6693.0;6693.0;172011.0;52875.0;10.0;[reg, sid, ban, sec, men, med, sum, aci, npp, aei]
88.614692;11.0;6782.0;6782.0;171922.0;52786.0;10.0;[reg, sid, ban, sec, men, med, sum, aci, mmm, npp]
88.21347;11.0;7021.0;7021.0;171683.0;52547.0;11.0;[reg, sid, ban, sec, men, med, sum, max, aci, mmm, npp]
87.600725;11.0;7386.0;7386.0;171318.0;52182.0;10.0;[reg, sid, ban, sec, men, med, sum, hfq, hhh, aei]
86.34166;11.0;8136.0;8136.0;170568.0;51432.0;11.0;[reg, sid, ban, sec, men, med, sum, max, aci, npp, htp]
86.076417;11.0;8294.0;8294.0;170410.0;51274.0;10.0;[reg, sid, ban, sec, men, med, sum, max, bet, hfq]
85.888396;11.0;8406.0;8406.0;170298.0;51162.0;10.0;[reg, sid, ban, sec, men, med, sum, max, hfq, aei]
85.759132;11.0;8483.0;8483.0;170221.0;51085.0;10.0;[reg, sid, ban, sec, men, med, sum, mmm, hfq, aei]
85.483817;11.0;8647.0;8647.0;170057.0;50921.0;9.0;[reg, sid, ban, sec, men, med, sum, mmm, aei]
85.282366;11.0;8767.0;8767.0;169937.0;50801.0;10.0;[reg, sid, ban, sec, men, med, sum, max, bet, hhh]
85.067486;11.0;8895.0;8895.0;169809.0;50673.0;9.0;[reg, sid, ban, sec, men, med, sum, hfq, aei]
84.944937;11.0;8968.0;8968.0;169736.0;50600.0;11.0;[reg, sid, ban, sec, men, med, sum, max, aci, npp, hfq]
84.914719;11.0;8986.0;8986.0;169718.0;50582.0;10.0;[reg, sid, ban, sec, men, med, sum, max, mmm, hhh]
84.511818;11.0;9226.0;9226.0;169478.0;50342.0;10.0;[reg, sid, ban, sec, men, med, sum, max, hfq, hhh]
84.444668;11.0;9266.0;9266.0;169438.0;50302.0;9.0;[reg, sid, ban, sec, men, med, sum, aci, npp]
84.439632;11.0;9269.0;9269.0;169435.0;50299.0;10.0;[reg, sid, ban, sec, men, med, sum, max, mmm, hfq]
84.25329;11.0;9380.0;9380.0;169324.0;50188.0;9.0;[reg, sid, ban, sec, men, med, sum, max, hfq]
83.883965;11.0;9600.0;9600.0;169104.0;49968.0;10.0;[reg, sid, ban, sec, men, med, sum, mmm, hfq, hhh]
83.412235;11.0;9881.0;9881.0;168823.0;49687.0;9.0;[reg, sid, ban, sec, men, med, sum, mmm, hfq]
83.358515;11.0;9913.0;9913.0;168791.0;49655.0;9.0;[reg, sid, ban, sec, men, med, sum, max, aei]
83.301437;11.0;9947.0;9947.0;168757.0;49621.0;9.0;[reg, sid, ban, sec, men, med, sum, mmm, hhh]
82.749127;11.0;10276.0;10276.0;168428.0;49292.0;8.0;[reg, sid, ban, sec, men, med, sum, hhh]
82.277397;11.0;10557.0;10557.0;168147.0;49011.0;9.0;[reg, sid, ban, sec, men, med, sum, hfq, hhh]
81.928216;11.0;10765.0;10765.0;167939.0;48803.0;10.0;[reg, sid, ban, sec, men, med, sum, max, bet, aei]
81.892963;11.0;10786.0;10786.0;167918.0;48782.0;10.0;[reg, sid, ban, sec, men, med, sum, bet, mmm, aei]
81.892963;11.0;10786.0;10786.0;167918.0;48782.0;9.0;[reg, sid, ban, sec, men, med, sum, bet, aei]
81.768735;11.0;10860.0;10860.0;167844.0;48708.0;9.0;[reg, sid, ban, sec, men, med, sum, max, bet]
81.704942;11.0;10898.0;10898.0;167806.0;48670.0;9.0;[reg, sid, ban, sec, men, med, sum, bet, mmm]
81.61429;11.0;10952.0;10952.0;167752.0;48616.0;8.0;[reg, sid, ban, sec, men, med, sum, bet]
81.18285;11.0;11209.0;11209.0;167495.0;48359.0;11.0;[reg, sid, ban, sec, men, med, sum, max, aci, bet, mmm]
80.967969;11.0;11337.0;11337.0;167367.0;48231.0;10.0;[reg, sid, ban, sec, men, med, sum, max, bet, mmm]
80.660757;11.0;11520.0;11520.0;167184.0;48048.0;11.0;[reg, sid, ban, sec, men, med, sum, max, aci, bet, htp]
80.600322;11.0;11556.0;11556.0;167148.0;48012.0;10.0;[reg, sid, ban, sec, men, med, sum, aci, bet, htp]
80.497918;11.0;11617.0;11617.0;167087.0;47951.0;10.0;[reg, sid, ban, sec, men, med, sum, max, aci, bet]
80.17224;11.0;11811.0;11811.0;166893.0;47757.0;10.0;[reg, sid, ban, sec, men, med, sum, aci, bet, aei]
80.130271;11.0;11836.0;11836.0;166868.0;47732.0;11.0;[reg, sid, ban, sec, men, med, sum, max, aci, bet, aei]
79.739122;11.0;12069.0;12069.0;166635.0;47499.0;11.0;[reg, sid, ban, sec, men, med, sum, max, aci, bet, hfq]
79.683723;11.0;12102.0;12102.0;166602.0;47466.0;10.0;[reg, sid, ban, sec, men, med, sum, bet, mmm, hhh]
79.671972;11.0;12109.0;12109.0;166595.0;47459.0;10.0;[reg, sid, ban, sec, men, med, sum, aci, bet, hfq]
79.613215;11.0;12144.0;12144.0;166560.0;47424.0;10.0;[reg, sid, ban, sec, men, med, sum, aci, bet, hhh]
79.530956;11.0;12193.0;12193.0;166511.0;47375.0;9.0;[reg, sid, ban, sec, men, med, sum, max, hhh]
79.353008;11.0;12299.0;12299.0;166405.0;47269.0;11.0;[reg, sid, ban, sec, men, med, sum, max, aci, bet, hhh]
78.982004;11.0;12520.0;12520.0;166184.0;47048.0;8.0;[reg, sid, ban, sec, men, med, sum, hfq]
78.780553;11.0;12640.0;12640.0;166064.0;46928.0;10.0;[reg, sid, ban, sec, men, med, sum, aci, hfq, htp]
78.325611;11.0;12911.0;12911.0;165793.0;46657.0;9.0;[reg, sid, ban, sec, men, med, sum, aci, bet]
78.302109;11.0;12925.0;12925.0;165779.0;46643.0;10.0;[reg, sid, ban, sec, men, med, sum, aci, bet, mmm]
77.835415;11.0;13203.0;13203.0;165501.0;46365.0;10.0;[reg, sid, ban, sec, men, med, sum, max, mmm, aei]
75.517056;11.0;14584.0;14584.0;164120.0;44984.0;10.0;[reg, sid, ban, sec, men, med, sum, aci, htp, aei]
75.416331;11.0;14644.0;14644.0;164060.0;44924.0;10.0;[reg, sid, ban, sec, men, med, sum, aci, mmm, htp]
75.256849;11.0;14739.0;14739.0;163965.0;44829.0;10.0;[reg, sid, ban, sec, men, med, sum, aci, htp, hhh]
74.481265;11.0;15201.0;15201.0;163503.0;44367.0;8.0;[reg, sid, ban, sec, men, med, sum, aei]
73.839981;11.0;15583.0;15583.0;163121.0;43985.0;10.0;[reg, sid, ban, sec, men, med, sum, aci, hfq, aei]
73.823194;11.0;15593.0;15593.0;163111.0;43975.0;10.0;[reg, sid, ban, sec, men, med, sum, max, aci, htp]
73.784582;11.0;15616.0;15616.0;163088.0;43952.0;10.0;[reg, sid, ban, sec, men, med, sum, aci, mmm, hhh]
73.692251;11.0;15671.0;15671.0;163033.0;43897.0;11.0;[reg, sid, ban, sec, men, med, sum, max, aci, mmm, htp]
73.66707;11.0;15686.0;15686.0;163018.0;43882.0;10.0;[reg, sid, ban, sec, men, med, sum, max, aci, hfq]
73.270884;11.0;15922.0;15922.0;162782.0;43646.0;10.0;[reg, sid, ban, sec, men, med, sum, max, aci, mmm]
73.160086;11.0;15988.0;15988.0;162716.0;43580.0;10.0;[reg, sid, ban, sec, men, med, sum, aci, mmm, hfq]
73.129868;11.0;16006.0;16006.0;162698.0;43562.0;9.0;[reg, sid, ban, sec, men, med, sum, aci, htp]
73.12819;11.0;16007.0;16007.0;162697.0;43561.0;9.0;[reg, sid, ban, sec, men, med, sum, aci, hfq]
72.784045;11.0;16212.0;16212.0;162492.0;43356.0;9.0;[reg, sid, ban, sec, men, med, sum, aci, hhh]
72.664854;11.0;16283.0;16283.0;162421.0;43285.0;10.0;[reg, sid, ban, sec, men, med, sum, aci, hhh, aei]
72.585952;11.0;16330.0;16330.0;162374.0;43238.0;10.0;[reg, sid, ban, sec, men, med, sum, aci, hfq, hhh]
72.255238;11.0;16527.0;16527.0;162177.0;43041.0;10.0;[reg, sid, ban, sec, men, med, sum, max, aci, hhh]
71.916129;11.0;16729.0;16729.0;161975.0;42839.0;11.0;[reg, sid, ban, sec, men, med, sum, max, aci, mmm, hfq]
71.815404;11.0;16789.0;16789.0;161915.0;42779.0;10.0;[reg, sid, ban, sec, men, med, sum, max, aci, aei]
71.556876;11.0;16943.0;16943.0;161761.0;42625.0;9.0;[reg, sid, ban, sec, men, med, sum, aci, mmm]
71.336959;11.0;17074.0;17074.0;161630.0;42494.0;9.0;[reg, sid, ban, sec, men, med, sum, max, aci]
71.264773;11.0;17117.0;17117.0;161587.0;42451.0;9.0;[reg, sid, ban, sec, men, med, sum, max, mmm]
71.085146;11.0;17224.0;17224.0;161480.0;42344.0;9.0;[reg, sid, ban, sec, men, med, sum, aci, aei]
70.744359;11.0;17427.0;17427.0;161277.0;42141.0;11.0;[reg, sid, ban, sec, men, med, sum, max, aci, mmm, aei]
70.683924;11.0;17463.0;17463.0;161241.0;42105.0;8.0;[reg, sid, ban, sec, men, med, sum, max]
70.512691;11.0;17565.0;17565.0;161139.0;42003.0;11.0;[reg, sid, ban, sec, men, med, sum, max, aci, mmm, hhh]
70.411966;11.0;17625.0;17625.0;161079.0;41943.0;8.0;[reg, sid, ban, sec, men, med, sum, aci]
70.33978;11.0;17668.0;17668.0;161036.0;41900.0;8.0;[reg, sid, ban, sec, men, med, sum, mmm]
69.473543;11.0;18184.0;18184.0;160520.0;41384.0;10.0;[reg, sid, ban, sec, men, med, sum, aci, mmm, aei]
